{
  "profession": "minecraft:cleric",
  "removeOtherTrades": false,
  "maxTrades": 6,
  "trades": [
    {
      "offer": {
        "itemKey": "minecraft:warped_nylium",
        "amount": 1,
        "priceModifier": 0
      },
      "request": {
        "itemKey": "minecraft:emerald",
        "amount": 4,
        "priceModifier": 0
      },
      "additionalRequest": {
        "itemKey": "minecraft:netherrack",
        "amount": 1,
        "priceModifier": 0
      },
      "tradeExp": 3,
      "maxUses": 10,
      "priceMultiplier": 0.1,
      "demand": 0,
      "tradeLevel": 1,
      "UTID": "minecraft:cleric_warped_nylium_for_emerald_and_netherrack"
    },
    {
      "offer": {
        "itemKey": "minecraft:crimson_nylium",
        "amount": 1,
        "priceModifier": 0
      },
      "request": {
        "itemKey": "minecraft:emerald",
        "amount": 4,
        "priceModifier": 0
      },
      "additionalRequest": {
        "itemKey": "minecraft:netherrack",
        "amount": 1,
        "priceModifier": 0
      },
      "tradeExp": 3,
      "maxUses": 10,
      "priceMultiplier": 0.1,
      "demand": 0,
      "tradeLevel": 1,
      "UTID": "minecraft:cleric_crimson_nylium_for_emerald_and_netherrack"
    },
    {
      "offer": {
        "itemKey": "minecraft:soul_sand",
        "amount": 1,
        "priceModifier": 0
      },
      "request": {
        "itemKey": "minecraft:emerald",
        "amount": 4,
        "priceModifier": 0
      },
      "additionalRequest": {
        "itemKey": "minecraft:sand",
        "amount": 1,
        "priceModifier": 0
      },
      "tradeExp": 3,
      "maxUses": 10,
      "priceMultiplier": 0.1,
      "demand": 0,
      "tradeLevel": 1,
      "UTID": "minecraft:cleric_crimson_nylium_for_emerald_and_netherrack"
    }
  ]
}