{
  "profession": "minecraft:mason",
  "removeOtherTrades": false,
  "maxTrades": 4,
  "trades": [
    {
      "offer": {
        "itemKey": "minecraft:quartz",
        "amount": 1,
        "priceModifier": 0
      },
      "request": {
        "itemKey": "minecraft:emerald",
        "amount": 1,
        "priceModifier": 0
      },
      "tradeExp": 3,
      "maxUses": 10,
      "priceMultiplier": 0.1,
      "demand": 0,
      "tradeLevel": 1,
      "UTID": "minecraft:mason_quartz_for_emerald"
    },
    {
      "offer": {
        "itemKey": "create:blaze_burner",
        "amount": 1,
        "priceModifier": 0
      },
      "request": {
        "itemKey": "minecraft:emerald",
        "amount": 32,
        "priceModifier": 0
      },
      "additionalRequest": {
        "itemKey": "create:empty_blaze_burner",
        "amount": 1,
        "priceModifier": 0
      },
      "tradeExp": 3,
      "maxUses": 10,
      "priceMultiplier": 0.1,
      "demand": 0,
      "tradeLevel": 5,
      "UTID": "minecraft:mason_blaze_burner_for_emerald_and_empty_blaze_burner"
    }
  ]
}